{"cameraMode":{"drawMode":0,"name":"Shaded","section":"Shading Mode"},"sceneLighting":true,"audioPlay":false,"sceneViewState":{"showFog":true,"showMaterialUpdate":false,"showSkybox":true,"showFlares":true,"showImageEffects":true,"showParticleSystems":true},"in2DMode":false,"pivot":{"x":20.23663902282715,"y":0.19880008697509767,"z":34.18979263305664},"rotation":{"x":-0.19086919724941255,"y":-0.050903357565402988,"z":0.010130961425602436,"w":-0.9803149700164795},"size":16.04278564453125,"orthographic":false}