{"cameraMode":{"drawMode":0,"name":"Shaded","section":"Shading Mode"},"sceneLighting":true,"audioPlay":false,"sceneViewState":{"showFog":true,"showMaterialUpdate":false,"showSkybox":true,"showFlares":true,"showImageEffects":true,"showParticleSystems":true},"in2DMode":false,"pivot":{"x":493.8429870605469,"y":143.61337280273438,"z":449.3125},"rotation":{"x":0.1681504100561142,"y":-0.8293685913085938,"z":0.3382474482059479,"w":0.41192153096199038},"size":0.8036350011825562,"orthographic":false}