{"cameraMode":{"drawMode":0,"name":"Shaded","section":"Shading Mode"},"sceneLighting":true,"audioPlay":false,"sceneViewState":{"showFog":true,"showMaterialUpdate":false,"showSkybox":true,"showFlares":true,"showImageEffects":true,"showParticleSystems":true},"in2DMode":false,"pivot":{"x":423.705078125,"y":182.76498413085938,"z":25.12744140625},"rotation":{"x":-0.028761867433786393,"y":0.062020037323236468,"z":-0.001591200241819024,"w":-0.9977317452430725},"size":405.3862609863281,"orthographic":false}