{"cameraMode":{"drawMode":0,"name":"Shaded","section":"Shading Mode"},"sceneLighting":false,"audioPlay":false,"sceneViewState":{"showFog":true,"showMaterialUpdate":false,"showSkybox":false,"showFlares":true,"showImageEffects":true,"showParticleSystems":true},"in2DMode":false,"pivot":{"x":56.00453186035156,"y":0.6742234230041504,"z":32.385711669921878},"rotation":{"x":0.12498479336500168,"y":0.6247753500938416,"z":-0.10244910418987274,"w":0.7639935612678528},"size":2.1656792163848879,"orthographic":false}