{"cameraMode":{"drawMode":0,"name":"Shaded","section":"Shading Mode"},"sceneLighting":true,"audioPlay":false,"sceneViewState":{"showFog":true,"showMaterialUpdate":false,"showSkybox":true,"showFlares":true,"showImageEffects":true,"showParticleSystems":true},"in2DMode":false,"pivot":{"x":15.197000503540039,"y":-6.554473876953125,"z":34.638282775878909},"rotation":{"x":-0.322849303483963,"y":-0.020699672400951387,"z":0.007222708780318499,"w":-0.9462463855743408},"size":14.108341217041016,"orthographic":false}