{"cameraMode":{"drawMode":0,"name":"Shaded","section":"Shading Mode"},"sceneLighting":false,"audioPlay":false,"sceneViewState":{"showFog":true,"showMaterialUpdate":false,"showSkybox":false,"showFlares":true,"showImageEffects":true,"showParticleSystems":true},"in2DMode":false,"pivot":{"x":7.989999771118164,"y":1.4805002212524415,"z":9.970000267028809},"rotation":{"x":-0.12086948752403259,"y":0.5095652341842651,"z":-0.07230965048074722,"w":-0.8489118218421936},"size":1.9437155723571778,"orthographic":false}