{"cameraMode":{"drawMode":0,"name":"Shaded","section":"Shading Mode"},"sceneLighting":true,"audioPlay":false,"sceneViewState":{"showFog":true,"showMaterialUpdate":false,"showSkybox":true,"showFlares":true,"showImageEffects":true,"showParticleSystems":true},"in2DMode":false,"pivot":{"x":190.13592529296876,"y":208.98533630371095,"z":0.43511962890625},"rotation":{"x":0.013191130943596363,"y":0.006574863102287054,"z":0.000324695574818179,"w":-0.9999504685401917},"size":161.69239807128907,"orthographic":false}