{"cameraMode":{"drawMode":0,"name":"Shaded","section":"Shading Mode"},"sceneLighting":true,"audioPlay":false,"sceneViewState":{"showFog":true,"showMaterialUpdate":false,"showSkybox":true,"showFlares":true,"showImageEffects":true,"showParticleSystems":true},"in2DMode":false,"pivot":{"x":313.0826110839844,"y":202.74395751953126,"z":37.743377685546878},"rotation":{"x":-0.06027113273739815,"y":0.014064026065170765,"z":-0.0006322665722109377,"w":-0.9981398582458496},"size":155.71241760253907,"orthographic":false}