{"cameraMode":{"drawMode":0,"name":"Shaded","section":"Shading Mode"},"sceneLighting":false,"audioPlay":false,"sceneViewState":{"showFog":true,"showMaterialUpdate":false,"showSkybox":false,"showFlares":true,"showImageEffects":true,"showParticleSystems":true},"in2DMode":false,"pivot":{"x":353.25616455078127,"y":30.752052307128908,"z":43.296844482421878},"rotation":{"x":-0.05376259237527847,"y":-0.8506208062171936,"z":0.5154956579208374,"w":-0.08924902975559235},"size":10.0,"orthographic":false}