{"cameraMode":{"drawMode":0,"name":"Shaded","section":"Shading Mode"},"sceneLighting":true,"audioPlay":false,"sceneViewState":{"showFog":true,"showMaterialUpdate":false,"showSkybox":true,"showFlares":true,"showImageEffects":true,"showParticleSystems":true},"in2DMode":false,"pivot":{"x":-4830.35302734375,"y":-2815.29150390625,"z":-419.9946594238281},"rotation":{"x":-0.17266573011875153,"y":0.716228187084198,"z":-0.1902366280555725,"w":-0.6489548683166504},"size":2886.346435546875,"orthographic":false}