{"cameraMode":{"drawMode":0,"name":"Shaded","section":"Shading Mode"},"sceneLighting":false,"audioPlay":false,"sceneViewState":{"showFog":true,"showMaterialUpdate":false,"showSkybox":false,"showFlares":true,"showImageEffects":true,"showParticleSystems":true},"in2DMode":false,"pivot":{"x":353.25616455078127,"y":30.752052307128908,"z":43.296844482421878},"rotation":{"x":-0.06648360937833786,"y":0.8031229376792908,"z":-0.09084730595350266,"w":-0.5851892232894898},"size":10.0,"orthographic":false}