{"cameraMode":{"drawMode":0,"name":"Shaded","section":"Shading Mode"},"sceneLighting":true,"audioPlay":false,"sceneViewState":{"showFog":true,"showMaterialUpdate":false,"showSkybox":true,"showFlares":true,"showImageEffects":true,"showParticleSystems":true},"in2DMode":false,"pivot":{"x":-11.192500114440918,"y":2.716747522354126,"z":-13.46978759765625},"rotation":{"x":0.09572242945432663,"y":0.8043094873428345,"z":0.1349223256111145,"w":-0.5707457065582275},"size":0.8660253882408142,"orthographic":false}