{"cameraMode":{"drawMode":0,"name":"Shaded","section":"Shading Mode"},"sceneLighting":false,"audioPlay":false,"sceneViewState":{"showFog":true,"showMaterialUpdate":false,"showSkybox":false,"showFlares":true,"showImageEffects":true,"showParticleSystems":true},"in2DMode":false,"pivot":{"x":-0.5512471199035645,"y":1.098361849784851,"z":-3.4075675010681154},"rotation":{"x":0.0021095690317451956,"y":-0.9968729615211487,"z":0.07521068304777146,"w":0.026041196659207345},"size":2.966688394546509,"orthographic":false}