{"cameraMode":{"drawMode":0,"name":"Shaded","section":"Shading Mode"},"sceneLighting":false,"audioPlay":false,"sceneViewState":{"showFog":true,"showMaterialUpdate":false,"showSkybox":false,"showFlares":true,"showImageEffects":true,"showParticleSystems":true},"in2DMode":false,"pivot":{"x":0.4632507562637329,"y":-0.5740339756011963,"z":-2.2860281467437746},"rotation":{"x":-0.020037738606333734,"y":-0.9668568968772888,"z":0.24155159294605256,"w":-0.08083338290452957},"size":2.3561019897460939,"orthographic":false}