{"cameraMode":{"drawMode":0,"name":"Shaded","section":"Shading Mode"},"sceneLighting":true,"audioPlay":false,"sceneViewState":{"showFog":true,"showMaterialUpdate":false,"showSkybox":true,"showFlares":true,"showImageEffects":true,"showParticleSystems":true},"in2DMode":false,"pivot":{"x":11.664750099182129,"y":-0.4006671905517578,"z":39.54951477050781},"rotation":{"x":-0.322849303483963,"y":-0.020699672400951387,"z":0.007222708780318499,"w":-0.9462463855743408},"size":4.313007831573486,"orthographic":false}