{"cameraMode":{"drawMode":0,"name":"Shaded","section":"Shading Mode"},"sceneLighting":true,"audioPlay":false,"sceneViewState":{"showFog":true,"showMaterialUpdate":false,"showSkybox":true,"showFlares":true,"showImageEffects":true,"showParticleSystems":true},"in2DMode":false,"pivot":{"x":46.54643630981445,"y":-2.889209270477295,"z":43.93251419067383},"rotation":{"x":-0.06381597369909287,"y":-0.7611808180809021,"z":0.07588174194097519,"w":-0.6409851908683777},"size":13.628833770751954,"orthographic":false}