{"cameraMode":{"drawMode":0,"name":"Shaded","section":"Shading Mode"},"sceneLighting":true,"audioPlay":false,"sceneViewState":{"showFog":true,"showMaterialUpdate":false,"showSkybox":true,"showFlares":true,"showImageEffects":true,"showParticleSystems":true},"in2DMode":false,"pivot":{"x":46.02293014526367,"y":2.979761838912964,"z":54.43535232543945},"rotation":{"x":-0.1923041194677353,"y":0.21326343715190888,"z":-0.042842138558626178,"w":-0.9569666385650635},"size":1.7752689123153687,"orthographic":false}