{"cameraMode":{"drawMode":0,"name":"Shaded","section":"Shading Mode"},"sceneLighting":false,"audioPlay":false,"sceneViewState":{"showFog":true,"showMaterialUpdate":false,"showSkybox":false,"showFlares":true,"showImageEffects":true,"showParticleSystems":true},"in2DMode":false,"pivot":{"x":0.0008535385131835938,"y":0.8621668815612793,"z":-0.06311465799808502},"rotation":{"x":-0.1706768274307251,"y":-0.3636138141155243,"z":0.06811362504959107,"w":-0.9132961630821228},"size":1.4531773328781129,"orthographic":false}