{"cameraMode":{"drawMode":0,"name":"Shaded","section":"Shading Mode"},"sceneLighting":false,"audioPlay":false,"sceneViewState":{"showFog":true,"showMaterialUpdate":false,"showSkybox":false,"showFlares":true,"showImageEffects":true,"showParticleSystems":true},"in2DMode":false,"pivot":{"x":1.1920928955078126e-7,"y":0.8561680316925049,"z":-0.06311467289924622},"rotation":{"x":-0.020037738606333734,"y":-0.9668568968772888,"z":0.24155159294605256,"w":-0.08083338290452957},"size":1.4561021327972413,"orthographic":false}