{"cameraMode":{"drawMode":0,"name":"Shaded","section":"Shading Mode"},"sceneLighting":true,"audioPlay":false,"sceneViewState":{"showFog":true,"showMaterialUpdate":false,"showSkybox":true,"showFlares":true,"showImageEffects":true,"showParticleSystems":true},"in2DMode":false,"pivot":{"x":677.998291015625,"y":407.49072265625,"z":173.07781982421876},"rotation":{"x":-0.010804872959852219,"y":-0.011419526301324368,"z":0.0003136262239422649,"w":-0.9999486207962036},"size":429.458251953125,"orthographic":false}