{"cameraMode":{"drawMode":0,"name":"Shaded","section":"Shading Mode"},"sceneLighting":true,"audioPlay":false,"sceneViewState":{"showFog":true,"showMaterialUpdate":false,"showSkybox":true,"showFlares":true,"showImageEffects":true,"showParticleSystems":true},"in2DMode":false,"pivot":{"x":470.33111572265627,"y":261.3913879394531,"z":-116.61062622070313},"rotation":{"x":0.0011406877310946584,"y":0.9957799911499023,"z":0.09105842560529709,"w":-0.012592049315571785},"size":314.5739440917969,"orthographic":false}