{"cameraMode":{"drawMode":0,"name":"Shaded","section":"Shading Mode"},"sceneLighting":true,"audioPlay":false,"sceneViewState":{"showFog":true,"showMaterialUpdate":false,"showSkybox":true,"showFlares":true,"showImageEffects":true,"showParticleSystems":true},"in2DMode":false,"pivot":{"x":514.27685546875,"y":276.2003479003906,"z":10.111968994140625},"rotation":{"x":-0.019792994484305383,"y":-0.026410603895783426,"z":0.0008035882492549717,"w":-0.9995157718658447},"size":372.2930603027344,"orthographic":false}