{"cameraMode":{"drawMode":0,"name":"Shaded","section":"Shading Mode"},"sceneLighting":false,"audioPlay":false,"sceneViewState":{"showFog":true,"showMaterialUpdate":false,"showSkybox":false,"showFlares":true,"showImageEffects":true,"showParticleSystems":true},"in2DMode":false,"pivot":{"x":0.0008535385131835938,"y":0.3631000220775604,"z":0.32784008979797366},"rotation":{"x":-0.004793102853000164,"y":-0.07466493546962738,"z":0.0003761040570680052,"w":-0.9972389340400696},"size":1.7418135404586793,"orthographic":false}