{"cameraMode":{"drawMode":0,"name":"Shaded","section":"Shading Mode"},"sceneLighting":true,"audioPlay":false,"sceneViewState":{"showFog":true,"showMaterialUpdate":false,"showSkybox":true,"showFlares":true,"showImageEffects":true,"showParticleSystems":true},"in2DMode":false,"pivot":{"x":440.73748779296877,"y":309.40704345703127,"z":0.0},"rotation":{"x":0.0011969839688390494,"y":-0.01592343859374523,"z":0.00026161185814999044,"w":-0.9999333620071411},"size":251.29458618164063,"orthographic":false}