{"cameraMode":{"drawMode":0,"name":"Shaded","section":"Shading Mode"},"sceneLighting":true,"audioPlay":false,"sceneViewState":{"showFog":true,"showMaterialUpdate":false,"showSkybox":true,"showFlares":true,"showImageEffects":true,"showParticleSystems":true},"in2DMode":false,"pivot":{"x":1.1218129396438599,"y":2.297346830368042,"z":-2.3801395893096926},"rotation":{"x":-0.20139360427856446,"y":0.016746118664741517,"z":-0.0034432827960699798,"w":-0.9793652296066284},"size":2.823617935180664,"orthographic":false}