{"cameraMode":{"drawMode":0,"name":"Shaded","section":"Shading Mode"},"sceneLighting":true,"audioPlay":false,"sceneViewState":{"showFog":true,"showMaterialUpdate":false,"showSkybox":true,"showFlares":true,"showImageEffects":true,"showParticleSystems":true},"in2DMode":false,"pivot":{"x":1.1951260566711426,"y":2.1643924713134767,"z":-3.0961833000183107},"rotation":{"x":-0.16158248484134675,"y":0.013911579735577107,"z":-0.0022776834666728975,"w":-0.9867623448371887},"size":3.341885805130005,"orthographic":false}