{"cameraMode":{"drawMode":0,"name":"Shaded","section":"Shading Mode"},"sceneLighting":true,"audioPlay":false,"sceneViewState":{"showFog":true,"showMaterialUpdate":false,"showSkybox":true,"showFlares":true,"showImageEffects":true,"showParticleSystems":true},"in2DMode":false,"pivot":{"x":51.16120910644531,"y":1.0153083801269532,"z":38.58448791503906},"rotation":{"x":0.002115987241268158,"y":-0.9961795210838318,"z":0.08418470621109009,"w":0.024844590574502946},"size":1.6774332523345948,"orthographic":false}