{"cameraMode":{"drawMode":0,"name":"Shaded","section":"Shading Mode"},"sceneLighting":false,"audioPlay":false,"sceneViewState":{"showFog":true,"showMaterialUpdate":false,"showSkybox":false,"showFlares":true,"showImageEffects":true,"showParticleSystems":true},"in2DMode":false,"pivot":{"x":0.0010761618614196778,"y":0.09522730112075806,"z":0.10552516579627991},"rotation":{"x":0.1413213312625885,"y":0.5882570147514343,"z":-0.10555905103683472,"w":0.7892951965332031},"size":0.3927159011363983,"orthographic":false}