{"cameraMode":{"drawMode":0,"name":"Shaded","section":"Shading Mode"},"sceneLighting":true,"audioPlay":false,"sceneViewState":{"showFog":true,"showMaterialUpdate":false,"showSkybox":true,"showFlares":true,"showImageEffects":true,"showParticleSystems":true},"in2DMode":false,"pivot":{"x":6.834268569946289,"y":0.09548655152320862,"z":5.685293674468994},"rotation":{"x":-0.029592949897050859,"y":-0.9703657627105713,"z":0.16638900339603425,"w":-0.1729610562324524},"size":1.9975446462631226,"orthographic":false}