{"cameraMode":{"drawMode":0,"name":"Shaded","section":"Shading Mode"},"sceneLighting":false,"audioPlay":false,"sceneViewState":{"showFog":true,"showMaterialUpdate":false,"showSkybox":false,"showFlares":true,"showImageEffects":true,"showParticleSystems":true},"in2DMode":false,"pivot":{"x":0.0,"y":0.8789054155349731,"z":-0.06311465799808502},"rotation":{"x":-0.020037738606333734,"y":-0.9668568968772888,"z":0.24155159294605256,"w":-0.08083338290452957},"size":1.458233118057251,"orthographic":false}