{"cameraMode":{"drawMode":0,"name":"Shaded","section":"Shading Mode"},"sceneLighting":true,"audioPlay":false,"sceneViewState":{"showFog":true,"showMaterialUpdate":false,"showSkybox":true,"showFlares":true,"showImageEffects":true,"showParticleSystems":true},"in2DMode":false,"pivot":{"x":270.9576110839844,"y":387.50067138671877,"z":370.0589599609375},"rotation":{"x":-0.04676492512226105,"y":0.03442147374153137,"z":-0.0016126941191032529,"w":-0.9983224272727966},"size":578.9049072265625,"orthographic":false}