{"cameraMode":{"drawMode":0,"name":"Shaded","section":"Shading Mode"},"sceneLighting":false,"audioPlay":false,"sceneViewState":{"showFog":true,"showMaterialUpdate":false,"showSkybox":false,"showFlares":true,"showImageEffects":true,"showParticleSystems":true},"in2DMode":false,"pivot":{"x":1.1920928955078126e-7,"y":0.8561680316925049,"z":-0.06311467289924622},"rotation":{"x":0.0021095690317451956,"y":-0.9968729615211487,"z":0.07521068304777146,"w":0.026041196659207345},"size":1.4561021327972413,"orthographic":false}